{"cameraMode":{"drawMode":0,"name":"Shaded","section":"Shading Mode"},"sceneLighting":false,"audioPlay":false,"sceneViewState":{"showFog":true,"showMaterialUpdate":false,"showSkybox":true,"showFlares":true,"showImageEffects":true,"showParticleSystems":true},"in2DMode":false,"pivot":{"x":1.1575748920440674,"y":8.989326477050782,"z":18.926509857177736},"rotation":{"x":-0.02711816318333149,"y":0.9679871201515198,"z":-0.2188088446855545,"w":-0.11995150148868561},"size":10.358892440795899,"orthographic":true}