{"cameraMode":{"drawMode":0,"name":"Shaded","section":"Shading Mode"},"sceneLighting":false,"audioPlay":false,"sceneViewState":{"showFog":true,"showMaterialUpdate":true,"showSkybox":true,"showFlares":true,"showImageEffects":true,"showParticleSystems":true},"in2DMode":false,"pivot":{"x":-95.44403839111328,"y":-36.14944839477539,"z":7.481163501739502},"rotation":{"x":0.10764756798744202,"y":-0.7632005214691162,"z":0.13179196417331696,"w":0.6233521699905396},"size":63.422950744628909,"orthographic":true}